,Unnamed: 0,Movie,Release Date_x,Award_date,Release Year,Days Difference
0,0,Capote,2005-09-30,2006-03-05,2005.0,156 days 00:00:00.000000000
1,1,American Hustle,2013-12-12,2014-03-02,2013.0,80 days 00:00:00.000000000
2,2,Brokeback Mountain,2005-09-10,2006-03-05,2005.0,176 days 00:00:00.000000000
3,3,Walk the Line,2005-09-13,2006-03-05,2005.0,173 days 00:00:00.000000000
4,4,"Good Night, and Good Luck.",2005-09-16,2006-03-05,2005.0,170 days 00:00:00.000000000
5,5,Syriana,2005-11-23,2006-03-05,2005.0,102 days 00:00:00.000000000
6,6,Crash,2005-05-06,2006-03-05,2005.0,303 days 00:00:00.000000000
7,7,Cinderella Man,2005-06-02,2006-03-05,2005.0,276 days 00:00:00.000000000
8,8,A History of Violence,2005-09-23,2006-03-05,2005.0,163 days 00:00:00.000000000
9,9,Mrs Henderson Presents,2005-09-08,2006-03-05,2005.0,178 days 00:00:00.000000000
10,10,Transamerica,2005-12-23,2006-03-05,2005.0,72 days 00:00:00.000000000
11,11,Pride,2014-09-12,2015-02-22,2014.0,163 days 00:00:00.000000000
12,12,North Country,2005-02-12,2006-03-05,2005.0,386 days 00:00:00.000000000
13,13,Junebug,2005-08-03,2006-03-05,2005.0,214 days 00:00:00.000000000
14,14,The Constant Gardener,2005-08-31,2006-03-05,2005.0,186 days 00:00:00.000000000
15,17,Made in France,2015-10-27,2016-02-28,2015.0,124 days 00:00:00.000000000
16,18,A John Williams Celebration,2015-06-15,2016-02-28,2015.0,258 days 00:00:00.000000000
17,19,Blood Diamond,2006-12-07,2007-02-25,2006.0,80 days 00:00:00.000000000
18,20,Half Nelson,2006-08-11,2007-02-25,2006.0,198 days 00:00:00.000000000
19,21,Venus,2006-09-02,2007-02-25,2006.0,176 days 00:00:00.000000000
20,22,The Pursuit of Happyness,2006-12-14,2007-02-25,2006.0,73 days 00:00:00.000000000
21,23,The Last King of Scotland,2006-09-01,2007-02-25,2006.0,177 days 00:00:00.000000000
22,24,Little Miss Sunshine,2006-07-26,2007-02-25,2006.0,214 days 00:00:00.000000000
23,25,Little Children,2006-10-06,2007-02-25,2006.0,142 days 00:00:00.000000000
24,26,Dreamgirls,2006-12-25,2007-02-25,2006.0,62 days 00:00:00.000000000
25,27,The Departed,2006-10-05,2007-02-25,2006.0,143 days 00:00:00.000000000
26,28,Volver,2006-03-16,2007-02-25,2006.0,346 days 00:00:00.000000000
27,29,Notes on a Scandal,2006-12-25,2007-02-25,2006.0,62 days 00:00:00.000000000
28,30,The Queen,2006-09-15,2007-02-25,2006.0,163 days 00:00:00.000000000
29,31,The Devil Wears Prada,2006-06-30,2007-02-25,2006.0,240 days 00:00:00.000000000
30,32,Babel,2006-09-08,2007-02-25,2006.0,170 days 00:00:00.000000000
31,34,A Personal Journey with Martin Scorsese Through American Movies,1995-05-21,2005-02-27,1995.0,3570 days 00:00:00.000000000
32,36,Michael Clayton,2007-09-28,2008-02-24,2007.0,149 days 00:00:00.000000000
33,37,There Will Be Blood,2007-12-28,2008-02-24,2007.0,58 days 00:00:00.000000000
34,38,Sweeney Todd: The Demon Barber of Fleet Street,2007-12-20,2008-02-24,2007.0,66 days 00:00:00.000000000
35,39,In the Valley of Elah,2007-08-31,2008-02-24,2007.0,177 days 00:00:00.000000000
36,40,Eastern Promises,2007-09-14,2008-02-24,2007.0,163 days 00:00:00.000000000
37,41,The Assassination of Jesse James by the Coward Robert Ford,2007-09-02,2008-02-24,2007.0,175 days 00:00:00.000000000
38,42,No Country for Old Men,2007-11-08,2008-02-24,2007.0,108 days 00:00:00.000000000
39,43,Charlie Wilson's War,2007-12-19,2008-02-24,2007.0,67 days 00:00:00.000000000
40,44,Into the Wild,2007-09-11,2008-02-24,2007.0,166 days 00:00:00.000000000
41,45,Elizabeth: The Golden Age,2007-09-09,2008-02-24,2007.0,168 days 00:00:00.000000000
42,46,Away from Her,2006-09-11,2007-02-25,2006.0,167 days 00:00:00.000000000
43,47,The Savages,2007-01-19,2008-02-24,2007.0,401 days 00:00:00.000000000
44,48,Juno,2007-12-05,2008-02-24,2007.0,81 days 00:00:00.000000000
45,49,American Gangster,2007-11-02,2008-02-24,2007.0,114 days 00:00:00.000000000
46,50,Atonement,2007-08-29,2008-02-24,2007.0,179 days 00:00:00.000000000
47,51,Gone Baby Gone,2007-10-19,2008-02-24,2007.0,128 days 00:00:00.000000000
48,54,Borat: Cultural Learnings of America for Make Benefit Glorious Nation of Kazakhstan,2006-11-01,2007-02-25,2006.0,116 days 00:00:00.000000000
49,55,From Russia with Love,1963-10-11,2005-02-27,1963.0,15115 days 00:00:00.000000000
50,56,The Visitor,2007-09-07,2008-02-24,2007.0,170 days 00:00:00.000000000
51,57,Frost/Nixon,2008-10-15,2009-02-22,2008.0,130 days 00:00:00.000000000
52,58,Milk,2008-11-26,2009-02-22,2008.0,88 days 00:00:00.000000000
53,59,The Curious Case of Benjamin Button,2008-12-25,2009-02-22,2008.0,59 days 00:00:00.000000000
54,60,The Wrestler,2008-09-07,2009-02-22,2008.0,168 days 00:00:00.000000000
55,61,Tropic Thunder,2008-08-09,2009-02-22,2008.0,197 days 00:00:00.000000000
56,62,Doubt,2008-11-27,2009-02-22,2008.0,87 days 00:00:00.000000000
57,63,The Dark Knight,2008-07-16,2009-02-22,2008.0,221 days 00:00:00.000000000
58,64,Revolutionary Road,2008-12-19,2009-02-22,2008.0,65 days 00:00:00.000000000
59,65,Rachel Getting Married,2008-10-03,2009-02-22,2008.0,142 days 00:00:00.000000000
60,66,Changeling,2008-01-30,2009-02-22,2008.0,389 days 00:00:00.000000000
61,67,Frozen River,2008-08-01,2009-02-22,2008.0,205 days 00:00:00.000000000
62,68,The Reader,2008-12-10,2009-02-22,2008.0,74 days 00:00:00.000000000
63,69,Vicky Cristina Barcelona,2008-08-15,2009-02-22,2008.0,191 days 00:00:00.000000000
64,70,Last Days,2005-05-13,2006-03-05,2005.0,296 days 00:00:00.000000000
65,71,Sunshine,2007-04-05,2008-02-24,2007.0,325 days 00:00:00.000000000
66,72,A Christmas Carol,1938-12-16,2005-02-27,1938.0,24180 days 00:00:00.000000000
67,73,iCarly: iGo to Japan,2008-11-08,2009-02-22,2008.0,106 days 00:00:00.000000000
68,75,Crazy Heart,2009-12-16,2010-03-07,2009.0,81 days 00:00:00.000000000
69,76,Up in the Air,2009-09-05,2010-03-07,2009.0,183 days 00:00:00.000000000
70,77,A Single Man,2009-10-19,2010-03-07,2009.0,139 days 00:00:00.000000000
71,78,Invictus,2009-12-10,2010-03-07,2009.0,87 days 00:00:00.000000000
72,79,The Hurt Locker,2008-10-10,2009-02-22,2008.0,135 days 00:00:00.000000000
73,80,The Messenger,2009-11-13,2010-03-07,2009.0,114 days 00:00:00.000000000
74,81,The Last Station,2009-09-04,2010-03-07,2009.0,184 days 00:00:00.000000000
75,82,The Lovely Bones,2009-12-26,2010-03-07,2009.0,71 days 00:00:00.000000000
76,83,Inglourious Basterds,2009-08-18,2010-03-07,2009.0,201 days 00:00:00.000000000
77,84,The Blind Side,2009-11-20,2010-03-07,2009.0,107 days 00:00:00.000000000
78,85,An Education,2009-10-29,2010-03-07,2009.0,129 days 00:00:00.000000000
79,86,Precious,2009-11-06,2010-03-07,2009.0,121 days 00:00:00.000000000
80,87,Nine,2009-12-03,2010-03-07,2009.0,94 days 00:00:00.000000000
81,88,Titanic: The Final Word with James Cameron,2012-04-08,2013-02-24,2012.0,322 days 00:00:00.000000000
82,89,Quentin Tarantino: 20 Years of Filmmaking,2012-11-20,2013-02-24,2012.0,96 days 00:00:00.000000000
83,90,The Butler,2013-08-16,2014-03-02,2013.0,198 days 00:00:00.000000000
84,91,Imagining Argentina,2003-09-13,2005-02-27,2003.0,533 days 00:00:00.000000000
85,93,Biutiful,2010-10-20,2011-02-27,2010.0,130 days 00:00:00.000000000
86,94,True Grit,2010-12-22,2011-02-27,2010.0,67 days 00:00:00.000000000
87,95,The Social Network,2010-10-01,2011-02-27,2010.0,149 days 00:00:00.000000000
88,96,The King's Speech,2010-09-06,2011-02-27,2010.0,174 days 00:00:00.000000000
89,97,127 Hours,2010-11-05,2011-02-27,2010.0,114 days 00:00:00.000000000
90,98,The Fighter,2010-12-17,2011-02-27,2010.0,72 days 00:00:00.000000000
91,99,Winter's Bone,2010-06-11,2011-02-27,2010.0,261 days 00:00:00.000000000
92,100,The Town,2010-09-15,2011-02-27,2010.0,165 days 00:00:00.000000000
93,101,The Kids Are All Right,2010-07-09,2011-02-27,2010.0,233 days 00:00:00.000000000
94,102,Rabbit Hole,2010-12-16,2011-02-27,2010.0,73 days 00:00:00.000000000
95,103,Black Swan,2010-12-03,2011-02-27,2010.0,86 days 00:00:00.000000000
96,104,Blue Valentine,2010-12-27,2011-02-27,2010.0,62 days 00:00:00.000000000
97,105,Animal Kingdom,2010-06-03,2011-02-27,2010.0,269 days 00:00:00.000000000
98,106,A Better Life,2011-06-24,2012-02-26,2011.0,247 days 00:00:00.000000000
99,107,The Descendants,2011-09-09,2012-02-26,2011.0,170 days 00:00:00.000000000
100,108,The Artist,2011-06-26,2012-02-26,2011.0,245 days 00:00:00.000000000
101,109,Tinker Tailor Soldier Spy,2011-09-16,2012-02-26,2011.0,163 days 00:00:00.000000000
102,110,Moneyball,2011-09-22,2012-02-26,2011.0,157 days 00:00:00.000000000
103,111,My Week with Marilyn,2011-11-23,2012-02-26,2011.0,95 days 00:00:00.000000000
104,112,Warrior,2011-09-09,2012-02-26,2011.0,170 days 00:00:00.000000000
105,113,Beginners,2011-06-09,2012-02-26,2011.0,262 days 00:00:00.000000000
106,114,Extremely Loud & Incredibly Close,2011-12-24,2012-02-26,2011.0,64 days 00:00:00.000000000
107,115,Albert Nobbs,2011-12-21,2012-02-26,2011.0,67 days 00:00:00.000000000
108,116,The Help,2011-08-09,2012-02-26,2011.0,201 days 00:00:00.000000000
109,117,The Girl with the Dragon Tattoo,2011-12-14,2012-02-26,2011.0,74 days 00:00:00.000000000
110,118,The Iron Lady,2011-12-30,2012-02-26,2011.0,58 days 00:00:00.000000000
111,119,Bridesmaids,2011-05-13,2012-02-26,2011.0,289 days 00:00:00.000000000
112,120,La corrupción de Chris Miller,1973-05-17,2005-02-27,1973.0,11609 days 00:00:00.000000000
113,121,Rango,2011-03-02,2012-02-26,2011.0,361 days 00:00:00.000000000
114,122,Woody Allen: A Documentary,2011-11-20,2012-02-26,2011.0,98 days 00:00:00.000000000
115,123,The Living Daylights,1987-06-29,2005-02-27,1987.0,6453 days 00:00:00.000000000
116,124,Silver Linings Playbook,2012-09-08,2013-02-24,2012.0,169 days 00:00:00.000000000
117,125,Lincoln,2012-11-09,2013-02-24,2012.0,107 days 00:00:00.000000000
118,126,Les Misérables,2012-12-18,2013-02-24,2012.0,68 days 00:00:00.000000000
119,127,The Master,2012-09-07,2013-02-24,2012.0,170 days 00:00:00.000000000
120,128,Flight,2012-11-02,2013-02-24,2012.0,114 days 00:00:00.000000000
121,129,Argo,2012-10-11,2013-02-24,2012.0,136 days 00:00:00.000000000
122,130,Django Unchained,2012-12-25,2013-02-24,2012.0,61 days 00:00:00.000000000
123,131,Zero Dark Thirty,2012-12-19,2013-02-24,2012.0,67 days 00:00:00.000000000
124,132,Amour,2012-07-01,2013-02-24,2012.0,238 days 00:00:00.000000000
125,133,Beasts of the Southern Wild,2012-06-29,2013-02-24,2012.0,240 days 00:00:00.000000000
126,134,Lo imposible,2012-09-09,2013-02-24,2012.0,168 days 00:00:00.000000000
127,135,The Sessions,2012-05-02,2013-02-24,2012.0,298 days 00:00:00.000000000
128,136,Corpse Bride,2005-09-12,2006-03-05,2005.0,174 days 00:00:00.000000000
129,137,Before I Disappear,2014-10-11,2015-02-22,2014.0,134 days 00:00:00.000000000
130,138,Nebraska,2013-09-21,2014-03-02,2013.0,162 days 00:00:00.000000000
131,139,The Wolf of Wall Street,2013-12-25,2014-03-02,2013.0,67 days 00:00:00.000000000
132,140,12 Years a Slave,2013-10-18,2014-03-02,2013.0,135 days 00:00:00.000000000
133,141,Dallas Buyers Club,2013-11-17,2014-03-02,2013.0,105 days 00:00:00.000000000
134,142,Captain Phillips,2013-10-10,2014-03-02,2013.0,143 days 00:00:00.000000000
135,143,Blue Jasmine,2013-07-25,2014-03-02,2013.0,220 days 00:00:00.000000000
136,144,Gravity,2013-10-03,2014-03-02,2013.0,150 days 00:00:00.000000000
137,145,Philomena,2013-11-01,2014-03-02,2013.0,121 days 00:00:00.000000000
138,146,August: Osage County,2013-12-26,2014-03-02,2013.0,66 days 00:00:00.000000000
139,147,Intrusion: Cambodia,1983-03-03,2005-02-27,1983.0,8032 days 00:00:00.000000000
140,148,"Palestine, Palestine",2002-07-03,2005-02-27,2002.0,970 days 00:00:00.000000000
141,149,Foxcatcher,2014-05-19,2015-02-22,2014.0,279 days 00:00:00.000000000
142,150,American Sniper,2014-12-11,2015-02-22,2014.0,73 days 00:00:00.000000000
143,151,The Imitation Game,2014-11-14,2015-02-22,2014.0,100 days 00:00:00.000000000
144,152,The Theory of Everything,2014-11-26,2015-02-22,2014.0,88 days 00:00:00.000000000
145,153,The Judge,2014-10-08,2015-02-22,2014.0,137 days 00:00:00.000000000
146,154,Boyhood,2014-06-05,2015-02-22,2014.0,262 days 00:00:00.000000000
147,155,Whiplash,2014-10-10,2015-02-22,2014.0,135 days 00:00:00.000000000
148,156,Still Alice,2014-12-05,2015-02-22,2014.0,79 days 00:00:00.000000000
149,157,Gone Girl,2014-10-01,2015-02-22,2014.0,144 days 00:00:00.000000000
150,158,Wild,2014-12-05,2015-02-22,2014.0,79 days 00:00:00.000000000
151,159,Into the Woods,2014-12-25,2015-02-22,2014.0,59 days 00:00:00.000000000
152,160,21 Years: Richard Linklater,2014-11-07,2015-02-22,2014.0,107 days 00:00:00.000000000
153,161,Trumbo,2015-10-27,2016-02-28,2015.0,124 days 00:00:00.000000000
154,162,The Martian,2015-09-30,2016-02-28,2015.0,151 days 00:00:00.000000000
155,163,The Revenant,2015-12-25,2016-02-28,2015.0,65 days 00:00:00.000000000
156,164,Steve Jobs,2015-10-09,2016-02-28,2015.0,142 days 00:00:00.000000000
157,165,The Danish Girl,2015-11-27,2016-02-28,2015.0,93 days 00:00:00.000000000
158,166,The Big Short,2015-12-11,2016-02-28,2015.0,79 days 00:00:00.000000000
159,167,Spotlight,2015-11-06,2016-02-28,2015.0,114 days 00:00:00.000000000
160,168,Bridge of Spies,2015-10-15,2016-02-28,2015.0,136 days 00:00:00.000000000
161,169,Creed,2015-11-25,2016-02-28,2015.0,95 days 00:00:00.000000000
162,170,Carol,2015-11-20,2016-02-28,2015.0,100 days 00:00:00.000000000
163,171,Room,2015-10-16,2016-02-28,2015.0,135 days 00:00:00.000000000
164,172,Joy,2015-12-24,2016-02-28,2015.0,66 days 00:00:00.000000000
165,173,45 Years,2015-08-28,2016-02-28,2015.0,184 days 00:00:00.000000000
166,174,Brooklyn,2015-10-20,2016-02-28,2015.0,131 days 00:00:00.000000000
167,175,The Hateful Eight,2015-12-25,2016-02-28,2015.0,65 days 00:00:00.000000000
168,176,Puskás Hungary,2009-03-12,2010-03-07,2009.0,360 days 00:00:00.000000000
169,179,I'm Still Here,2010-09-10,2011-02-27,2010.0,170 days 00:00:00.000000000
170,180,Cold Souls,2009-08-07,2010-03-07,2009.0,212 days 00:00:00.000000000
171,181,Jake Gyllenhaal Challenges the Winner of the Nobel Peace Prize,2010-01-01,2011-02-27,2010.0,422 days 00:00:00.000000000
172,183,Harry Potter and the Goblet of Fire,2005-11-16,2006-03-05,2005.0,109 days 00:00:00.000000000
173,184,King Kong,2005-12-12,2006-03-05,2005.0,83 days 00:00:00.000000000
174,185,Memoirs of a Geisha,2005-12-06,2006-03-05,2005.0,89 days 00:00:00.000000000
175,186,Batman Begins,2005-06-10,2006-03-05,2005.0,268 days 00:00:00.000000000
176,188,Charlie and the Chocolate Factory,2005-07-13,2006-03-05,2005.0,235 days 00:00:00.000000000
177,189,Munich,2005-12-23,2006-03-05,2005.0,72 days 00:00:00.000000000
178,190,Darwin's Nightmare,2004-09-01,2005-02-27,2004.0,179 days 00:00:00.000000000
179,191,Enron: The Smartest Guys in the Room,2005-04-22,2006-03-05,2005.0,317 days 00:00:00.000000000
180,192,Murderball,2005-07-22,2006-03-05,2005.0,226 days 00:00:00.000000000
181,193,Street Fight,2005-01-01,2006-03-05,2005.0,428 days 00:00:00.000000000
182,194,The Death of Kevin Carter: Casualty of the Bang Bang Club,2004-09-17,2005-02-27,2004.0,163 days 00:00:00.000000000
183,195,Joyeux Noël,2005-11-09,2006-03-05,2005.0,116 days 00:00:00.000000000
184,196,Paradise Now,2005-02-14,2006-03-05,2005.0,384 days 00:00:00.000000000
185,197,Tsotsi,2005-08-18,2006-03-05,2005.0,199 days 00:00:00.000000000
186,198,"The Chronicles of Narnia: The Lion, the Witch and the Wardrobe",2005-12-07,2006-03-05,2005.0,88 days 00:00:00.000000000
187,199,Star Wars: Episode III - Revenge of the Sith,2005-05-17,2006-03-05,2005.0,292 days 00:00:00.000000000
188,200,Badgered,2005-02-23,2006-03-05,2005.0,375 days 00:00:00.000000000
189,201,The Mysterious Geographic Explorations of Jasper Morello,2005-01-19,2006-03-05,2005.0,410 days 00:00:00.000000000
190,202,9,2009-08-19,2010-03-07,2009.0,200 days 00:00:00.000000000
191,203,One Man Band,2005-06-21,2006-03-05,2005.0,257 days 00:00:00.000000000
192,204,Cashback,2006-09-10,2007-02-25,2006.0,168 days 00:00:00.000000000
193,205,Our Time Is Up,2004-01-01,2005-02-27,2004.0,423 days 00:00:00.000000000
194,206,Six Shooter,2004-01-01,2005-02-27,2004.0,423 days 00:00:00.000000000
195,207,War of the Worlds,2005-06-28,2006-03-05,2005.0,250 days 00:00:00.000000000
196,208,Match Point,2005-10-26,2006-03-05,2005.0,130 days 00:00:00.000000000
197,209,The Squid and the Whale,2005-10-05,2006-03-05,2005.0,151 days 00:00:00.000000000
198,210,A Prairie Home Companion,2006-06-09,2007-02-25,2006.0,261 days 00:00:00.000000000
199,211,When Harry Met Sally 2 with Billy Crystal and Helen Mirren,2011-04-06,2012-02-26,2011.0,326 days 00:00:00.000000000
200,212,Cars,2006-06-08,2007-02-25,2006.0,262 days 00:00:00.000000000
201,213,Happy Feet,2006-11-16,2007-02-25,2006.0,101 days 00:00:00.000000000
202,214,Monster House,2006-07-21,2007-02-25,2006.0,219 days 00:00:00.000000000
203,215,The Good Shepherd,2006-12-11,2007-02-25,2006.0,76 days 00:00:00.000000000
204,216,Pirates of the Caribbean: Dead Man's Chest,2006-06-20,2007-02-25,2006.0,250 days 00:00:00.000000000
205,217,The Prestige,2006-10-19,2007-02-25,2006.0,129 days 00:00:00.000000000
206,218,The Black Dahlia,2006-09-15,2007-02-25,2006.0,163 days 00:00:00.000000000
207,219,Children of Men,2006-09-22,2007-02-25,2006.0,156 days 00:00:00.000000000
208,220,The Illusionist,2006-08-18,2007-02-25,2006.0,191 days 00:00:00.000000000
209,221,Marie Antoinette,2006-05-24,2007-02-25,2006.0,277 days 00:00:00.000000000
210,222,Letters from Iwo Jima,2006-12-19,2007-02-25,2006.0,68 days 00:00:00.000000000
211,223,United 93,2006-04-28,2007-02-25,2006.0,303 days 00:00:00.000000000
212,224,Deliver Us from Evil,2014-07-01,2015-02-22,2014.0,236 days 00:00:00.000000000
213,225,An Inconvenient Truth,2006-01-24,2007-02-25,2006.0,397 days 00:00:00.000000000
214,226,Iraq in Fragments,2006-01-21,2007-02-25,2006.0,400 days 00:00:00.000000000
215,227,Jesus Camp,2006-09-15,2007-02-25,2006.0,163 days 00:00:00.000000000
216,228,The Blood of Yingzhou District,2006-06-13,2007-02-25,2006.0,257 days 00:00:00.000000000
217,229,Recycled Life,2006-01-01,2007-02-25,2006.0,420 days 00:00:00.000000000
218,230,Two Hands,1999-07-29,2005-02-27,1999.0,2040 days 00:00:00.000000000
219,232,Apocalypto,2006-12-07,2007-02-25,2006.0,80 days 00:00:00.000000000
220,233,Click,2006-06-22,2007-02-25,2006.0,248 days 00:00:00.000000000
221,234,The Good German,2006-12-08,2007-02-25,2006.0,79 days 00:00:00.000000000
222,235,The Danish Poet,2006-02-15,2007-02-25,2006.0,375 days 00:00:00.000000000
223,236,Lifted,2006-12-28,2007-02-25,2006.0,59 days 00:00:00.000000000
224,237,The Little Matchgirl,2006-09-07,2007-02-25,2006.0,171 days 00:00:00.000000000
225,238,Maestro,2014-07-23,2015-02-22,2014.0,214 days 00:00:00.000000000
226,239,No Time for Nuts,2006-10-23,2007-02-25,2006.0,125 days 00:00:00.000000000
227,241,West Bank Story,2005-01-01,2006-03-05,2005.0,428 days 00:00:00.000000000
228,242,Poseidon,2006-05-12,2007-02-25,2006.0,289 days 00:00:00.000000000
229,243,Superman Returns,2006-06-28,2007-02-25,2006.0,242 days 00:00:00.000000000
230,244,Tilda Swinton: The Love Factory,2002-10-10,2005-02-27,2002.0,871 days 00:00:00.000000000
231,245,Persepolis,2007-05-23,2008-02-24,2007.0,277 days 00:00:00.000000000
232,246,Ratatouille,2007-06-22,2008-02-24,2007.0,247 days 00:00:00.000000000
233,247,Surf's Up,2007-06-08,2008-02-24,2007.0,261 days 00:00:00.000000000
234,248,The Golden Compass,2007-12-04,2008-02-24,2007.0,82 days 00:00:00.000000000
235,249,Across the Universe,2007-09-14,2008-02-24,2007.0,163 days 00:00:00.000000000
236,250,No End in Sight,2007-07-27,2008-02-24,2007.0,212 days 00:00:00.000000000
237,251,Operation Homecoming: Writing the Wartime Experience,2007-02-09,2008-02-24,2007.0,380 days 00:00:00.000000000
238,252,Sicko,2007-05-18,2008-02-24,2007.0,282 days 00:00:00.000000000
239,253,Taxi to the Dark Side,2007-04-30,2008-02-24,2007.0,300 days 00:00:00.000000000
240,254,War Dance,2007-11-09,2008-02-24,2007.0,107 days 00:00:00.000000000
241,255,Freeheld,2015-10-02,2016-02-28,2015.0,149 days 00:00:00.000000000
242,256,The Bourne Ultimatum,2007-08-03,2008-02-24,2007.0,205 days 00:00:00.000000000
243,257,The Counterfeiters,1948-05-28,2005-02-27,1948.0,20729 days 00:00:00.000000000
244,258,12,2007-06-06,2008-02-24,2007.0,263 days 00:00:00.000000000
245,259,Norbit,2007-02-08,2008-02-24,2007.0,381 days 00:00:00.000000000
246,260,Pirates of the Caribbean: At World's End,2007-05-19,2008-02-24,2007.0,281 days 00:00:00.000000000
247,261,The Kite Runner,2007-10-14,2008-02-24,2007.0,133 days 00:00:00.000000000
248,262,3:10 to Yuma,2007-09-06,2008-02-24,2007.0,171 days 00:00:00.000000000
249,263,I Met the Walrus,2007-06-13,2008-02-24,2007.0,256 days 00:00:00.000000000
250,264,Madame Tutli-Putli,2007-05-19,2008-02-24,2007.0,281 days 00:00:00.000000000
251,265,Peter Pan,1953-02-05,2005-02-27,1953.0,19015 days 00:00:00.000000000
252,266,Night at the Museum,2006-10-20,2007-02-25,2006.0,128 days 00:00:00.000000000
253,267,Transformers,2007-06-27,2008-02-24,2007.0,242 days 00:00:00.000000000
254,268,Lars and the Real Girl,2007-10-12,2008-02-24,2007.0,135 days 00:00:00.000000000
255,269,Michael Shannon Michael Shannon John,2015-09-26,2016-02-28,2015.0,155 days 00:00:00.000000000
256,270,One Day,2011-03-02,2012-02-26,2011.0,361 days 00:00:00.000000000
257,271,Bolt,2008-01-29,2009-02-22,2008.0,390 days 00:00:00.000000000
258,272,Kung Fu Panda,2008-06-04,2009-02-22,2008.0,263 days 00:00:00.000000000
259,273,Wall Street,1987-12-10,2005-02-27,1987.0,6289 days 00:00:00.000000000
260,274,The Duchess,2008-09-05,2009-02-22,2008.0,170 days 00:00:00.000000000
261,275,Slumdog Millionaire,2008-05-12,2009-02-22,2008.0,286 days 00:00:00.000000000
262,276,Australia,2008-11-18,2009-02-22,2008.0,96 days 00:00:00.000000000
263,277,Encounters at the End of the World,2007-09-01,2008-02-24,2007.0,176 days 00:00:00.000000000
264,278,The Secret Garden,1993-08-13,2005-02-27,1993.0,4216 days 00:00:00.000000000
265,279,Man on Wire,2008-07-25,2009-02-22,2008.0,212 days 00:00:00.000000000
266,280,Trouble the Water,2008-01-20,2009-02-22,2008.0,399 days 00:00:00.000000000
267,281,The Conscience of Nhem En,2008-08-22,2009-02-22,2008.0,184 days 00:00:00.000000000
268,282,Smile Pinki,2008-12-31,2009-02-22,2008.0,53 days 00:00:00.000000000
269,283,Front of the Class,2008-01-01,2009-02-22,2008.0,418 days 00:00:00.000000000
270,285,Revanche,2008-05-16,2009-02-22,2008.0,282 days 00:00:00.000000000
271,286,Hellboy II: The Golden Army,2008-07-11,2009-02-22,2008.0,226 days 00:00:00.000000000
272,287,Defiance,2008-12-31,2009-02-22,2008.0,53 days 00:00:00.000000000
273,288,Oktapodi,2007-01-01,2008-02-24,2007.0,419 days 00:00:00.000000000
274,289,Presto,2008-06-18,2009-02-22,2008.0,249 days 00:00:00.000000000
275,290,This Way Up,2008-04-24,2009-02-22,2008.0,304 days 00:00:00.000000000
276,292,Babe: Pig in the City,1998-11-25,2005-02-27,1998.0,2286 days 00:00:00.000000000
277,293,Iron Man,2008-04-30,2009-02-22,2008.0,298 days 00:00:00.000000000
278,294,Wanted,2008-06-19,2009-02-22,2008.0,248 days 00:00:00.000000000
279,295,Happy-Go-Lucky,2008-04-18,2009-02-22,2008.0,310 days 00:00:00.000000000
280,296,In Bruges,2008-02-08,2009-02-22,2008.0,380 days 00:00:00.000000000
281,297,The Nutty Professor,1963-06-04,2005-02-27,1963.0,15244 days 00:00:00.000000000
282,298,Meeting Matt Damon,2015-09-28,2016-02-28,2015.0,153 days 00:00:00.000000000
283,299,Premonition,2007-02-08,2008-02-24,2007.0,381 days 00:00:00.000000000
284,300,Coraline,2009-02-05,2010-03-07,2009.0,395 days 00:00:00.000000000
285,301,Fantastic Mr. Fox,2009-10-23,2010-03-07,2009.0,135 days 00:00:00.000000000
286,302,The Princess and the Frog,2009-12-08,2010-03-07,2009.0,89 days 00:00:00.000000000
287,303,The Secret of Kells,2009-02-09,2010-03-07,2009.0,391 days 00:00:00.000000000
288,304,Up,2009-05-28,2010-03-07,2009.0,283 days 00:00:00.000000000
289,305,Avatar,2009-12-10,2010-03-07,2009.0,87 days 00:00:00.000000000
290,306,The Imaginarium of Doctor Parnassus,2009-10-01,2010-03-07,2009.0,157 days 00:00:00.000000000
291,307,Sherlock Holmes,2009-12-23,2010-03-07,2009.0,74 days 00:00:00.000000000
292,308,The Young Victoria,2009-03-04,2010-03-07,2009.0,368 days 00:00:00.000000000
293,309,Harry Potter and the Half-Blood Prince,2009-07-07,2010-03-07,2009.0,243 days 00:00:00.000000000
294,310,Bright Star,2009-11-05,2010-03-07,2009.0,122 days 00:00:00.000000000
295,311,The Cove,2009-07-31,2010-03-07,2009.0,219 days 00:00:00.000000000
296,312,"Food, Inc.",2008-09-07,2009-02-22,2008.0,168 days 00:00:00.000000000
297,313,The Most Dangerous Man in America: Daniel Ellsberg and the Pentagon Papers,2009-10-16,2010-03-07,2009.0,142 days 00:00:00.000000000
298,314,Which Way Home,2009-01-31,2010-03-07,2009.0,400 days 00:00:00.000000000
299,315,China's Unnatural Disaster: The Tears of Sichuan Province,2009-05-07,2010-03-07,2009.0,304 days 00:00:00.000000000
300,316,The Last Truck: Closing of a GM Plant,2009-09-07,2010-03-07,2009.0,181 days 00:00:00.000000000
301,317,Music by Prudence,2010-04-01,2011-02-27,2010.0,332 days 00:00:00.000000000
302,318,District 9,2009-08-05,2010-03-07,2009.0,214 days 00:00:00.000000000
303,319,Ajami,2009-09-17,2010-03-07,2009.0,171 days 00:00:00.000000000
304,320,Il Divo,2008-05-28,2009-02-22,2008.0,270 days 00:00:00.000000000
305,321,Star Trek,2009-05-06,2010-03-07,2009.0,305 days 00:00:00.000000000
306,322,A Serious Man,2009-10-02,2010-03-07,2009.0,156 days 00:00:00.000000000
307,323,French Roast,2008-09-30,2009-02-22,2008.0,145 days 00:00:00.000000000
308,324,Granny O'Grimm's Sleeping Beauty,2008-01-01,2009-02-22,2008.0,418 days 00:00:00.000000000
309,325,Logorama,2009-01-01,2010-03-07,2009.0,430 days 00:00:00.000000000
310,326,A Matter of Loaf and Death,2008-12-03,2009-02-22,2008.0,81 days 00:00:00.000000000
311,327,The Girl Next Door,2004-04-09,2005-02-27,2004.0,324 days 00:00:00.000000000
312,328,Instead of Abracadabra,2008-01-23,2009-02-22,2008.0,396 days 00:00:00.000000000
313,329,Miracle Fish,2009-01-16,2010-03-07,2009.0,415 days 00:00:00.000000000
314,330,The New Tenants,2009-01-01,2010-03-07,2009.0,430 days 00:00:00.000000000
315,331,Transformers: Revenge of the Fallen,2009-06-19,2010-03-07,2009.0,261 days 00:00:00.000000000
316,332,In the Loop,2009-01-22,2010-03-07,2009.0,409 days 00:00:00.000000000
317,333,Roger Corman: Hollywood's Wild Angel,1978-04-06,2005-02-27,1978.0,9824 days 00:00:00.000000000
318,334,Comedy Central Roast of James Franco,2013-09-02,2014-03-02,2013.0,181 days 00:00:00.000000000
319,335,Natalie Portman: Starting Young,2005-01-11,2006-03-05,2005.0,418 days 00:00:00.000000000
320,336,How to Train Your Dragon,2010-03-05,2011-02-27,2010.0,359 days 00:00:00.000000000
321,337,Toy Story 3,2010-06-16,2011-02-27,2010.0,256 days 00:00:00.000000000
322,338,Alice in Wonderland,2010-03-03,2011-02-27,2010.0,361 days 00:00:00.000000000
323,339,Harry Potter and the Deathly Hallows: Part 1,2010-10-17,2011-02-27,2010.0,133 days 00:00:00.000000000
324,340,Inception,2010-07-15,2011-02-27,2010.0,227 days 00:00:00.000000000
325,341,The Tempest,2010-12-10,2011-02-27,2010.0,79 days 00:00:00.000000000
326,342,Exit Through the Gift Shop,2010-01-24,2011-02-27,2010.0,399 days 00:00:00.000000000
327,343,Inside Job,2010-10-08,2011-02-27,2010.0,142 days 00:00:00.000000000
328,344,Restrepo,2010-06-25,2011-02-27,2010.0,247 days 00:00:00.000000000
329,345,Waste Land,2010-01-24,2011-02-27,2010.0,399 days 00:00:00.000000000
330,346,Strangers No More,2010-01-01,2011-02-27,2010.0,422 days 00:00:00.000000000
331,347,Hævnen,2010-08-26,2011-02-27,2010.0,185 days 00:00:00.000000000
332,348,Incendies,2010-09-04,2011-02-27,2010.0,176 days 00:00:00.000000000
333,349,Barney's Version,2010-10-26,2011-02-27,2010.0,124 days 00:00:00.000000000
334,350,The Way Way Back,2013-06-06,2014-03-02,2013.0,269 days 00:00:00.000000000
335,351,The Wolfman,2010-02-11,2011-02-27,2010.0,381 days 00:00:00.000000000
336,352,Groundhog Day,1993-02-11,2005-02-27,1993.0,4399 days 00:00:00.000000000
337,353,The Gruffalo,2009-12-25,2010-03-07,2009.0,72 days 00:00:00.000000000
338,354,The Lost Thing,2010-06-03,2011-02-27,2010.0,269 days 00:00:00.000000000
339,355,The Crush,1993-04-02,2005-02-27,1993.0,4349 days 00:00:00.000000000
340,356,Na Wewe,2010-04-25,2011-02-27,2010.0,308 days 00:00:00.000000000
341,357,Wish 143,2009-11-19,2010-03-07,2009.0,108 days 00:00:00.000000000
342,358,TRON: Legacy,2010-12-10,2011-02-27,2010.0,79 days 00:00:00.000000000
343,359,Unstoppable,2010-11-04,2011-02-27,2010.0,115 days 00:00:00.000000000
344,360,Salt,2010-07-21,2011-02-27,2010.0,221 days 00:00:00.000000000
345,361,Hereafter,2010-10-22,2011-02-27,2010.0,128 days 00:00:00.000000000
346,362,Iron Man 2,2010-04-28,2011-02-27,2010.0,305 days 00:00:00.000000000
347,363,Another Year,2010-11-05,2011-02-27,2010.0,114 days 00:00:00.000000000
348,364,Jean-Luc Cinema Godard,2009-09-30,2010-03-07,2009.0,158 days 00:00:00.000000000
349,365,Hearts of Darkness: A Filmmaker's Apocalypse,1991-09-06,2005-02-27,1991.0,4923 days 00:00:00.000000000
350,366,Nick Nolte: No Exit,2008-01-01,2009-02-22,2008.0,418 days 00:00:00.000000000
351,367,Max Von Sydow: Dialogues with The Renter,2012-03-27,2013-02-24,2012.0,334 days 00:00:00.000000000
352,368,Une vie de chat,2010-12-13,2011-02-27,2010.0,76 days 00:00:00.000000000
353,369,Kung Fu Panda 2,2011-05-25,2012-02-26,2011.0,277 days 00:00:00.000000000
354,370,Puss in Boots,2011-10-28,2012-02-26,2011.0,121 days 00:00:00.000000000
355,371,Harry Potter and the Deathly Hallows: Part 2,2011-07-07,2012-02-26,2011.0,234 days 00:00:00.000000000
356,372,Hugo,2011-11-22,2012-02-26,2011.0,96 days 00:00:00.000000000
357,373,Midnight in Paris,2011-05-11,2012-02-26,2011.0,291 days 00:00:00.000000000
358,374,War Horse,2011-12-25,2012-02-26,2011.0,63 days 00:00:00.000000000
359,375,The Tree of Life,2011-05-18,2012-02-26,2011.0,284 days 00:00:00.000000000
360,376,Anonymous,2011-10-21,2012-02-26,2011.0,128 days 00:00:00.000000000
361,377,Jane Eyre,2011-03-11,2012-02-26,2011.0,352 days 00:00:00.000000000
362,378,W.E.,2011-09-01,2012-02-26,2011.0,178 days 00:00:00.000000000
363,379,Hell and Back Again,2011-10-04,2012-02-26,2011.0,145 days 00:00:00.000000000
364,380,If a Tree Falls: A Story of the Earth Liberation Front,2011-06-22,2012-02-26,2011.0,249 days 00:00:00.000000000
365,381,Paradise Lost 3: Purgatory,2011-10-10,2012-02-26,2011.0,139 days 00:00:00.000000000
366,382,Pina,2011-02-24,2012-02-26,2011.0,367 days 00:00:00.000000000
367,383,Undefeated,2011-03-13,2012-02-26,2011.0,350 days 00:00:00.000000000
368,384,The Barber of Birmingham: Foot Soldier of the Civil Rights Movement,2011-01-01,2012-02-26,2011.0,421 days 00:00:00.000000000
369,385,Incident in New Baghdad,2011-04-24,2012-02-26,2011.0,308 days 00:00:00.000000000
370,386,Saving Face,2004-09-12,2005-02-27,2004.0,168 days 00:00:00.000000000
371,387,The Tsunami and the Cherry Blossom,2011-09-12,2012-02-26,2011.0,167 days 00:00:00.000000000
372,389,Monsieur Lazhar,2011-09-10,2012-02-26,2011.0,169 days 00:00:00.000000000
373,390,The Adventures of Tintin,2011-10-25,2012-02-26,2011.0,124 days 00:00:00.000000000
374,391,Any Given Sunday,1999-12-16,2005-02-27,1999.0,1900 days 00:00:00.000000000
375,392,La Luna,1979-08-29,2005-02-27,1979.0,9314 days 00:00:00.000000000
376,393,Pentecost,2011-02-10,2012-02-26,2011.0,381 days 00:00:00.000000000
377,397,Tuba Atlantic,2010-02-10,2011-02-27,2010.0,382 days 00:00:00.000000000
378,398,Drive,2011-08-06,2012-02-26,2011.0,204 days 00:00:00.000000000
379,399,Transformers: Dark of the Moon,2011-06-28,2012-02-26,2011.0,243 days 00:00:00.000000000
380,400,Real Steel,2011-09-28,2012-02-26,2011.0,151 days 00:00:00.000000000
381,401,Rise of the Planet of the Apes,2011-08-03,2012-02-26,2011.0,207 days 00:00:00.000000000
382,402,The Ides of March,2011-09-24,2012-02-26,2011.0,155 days 00:00:00.000000000
383,403,Margin Call,2011-09-28,2012-02-26,2011.0,151 days 00:00:00.000000000
384,404,Mitch Albom's For One More Day,2007-12-09,2008-02-24,2007.0,77 days 00:00:00.000000000
385,405,Alles wegen Robert De Niro,1996-12-04,2005-02-27,1996.0,3007 days 00:00:00.000000000
386,406,Brave,2012-06-21,2013-02-24,2012.0,248 days 00:00:00.000000000
387,407,Frankenweenie,2012-10-04,2013-02-24,2012.0,143 days 00:00:00.000000000
388,408,ParaNorman,2012-08-03,2013-02-24,2012.0,205 days 00:00:00.000000000
389,409,Wreck-It Ralph,2012-11-01,2013-02-24,2012.0,115 days 00:00:00.000000000
390,410,Anna Karenina,2012-09-06,2013-02-24,2012.0,171 days 00:00:00.000000000
391,411,Life of Pi,2012-11-20,2013-02-24,2012.0,96 days 00:00:00.000000000
392,412,Skyfall,2012-10-25,2013-02-24,2012.0,122 days 00:00:00.000000000
393,413,Mirror Mirror,2012-03-15,2013-02-24,2012.0,346 days 00:00:00.000000000
394,414,Snow White and the Huntsman,2012-05-30,2013-02-24,2012.0,270 days 00:00:00.000000000
395,415,Five Broken Cameras,2011-11-23,2012-02-26,2011.0,95 days 00:00:00.000000000
396,416,The Gatekeepers,2012-07-09,2013-02-24,2012.0,230 days 00:00:00.000000000
397,417,How to Survive a Plague,2012-09-20,2013-02-24,2012.0,157 days 00:00:00.000000000
398,418,The Invisible War,2012-01-20,2013-02-24,2012.0,401 days 00:00:00.000000000
399,419,Searching for Sugar Man,2012-06-30,2013-02-24,2012.0,239 days 00:00:00.000000000
400,420,Born Innocent,1974-09-10,2005-02-27,1974.0,11128 days 00:00:00.000000000
401,421,The Shawshank Redemption,1994-09-23,2005-02-27,1994.0,3810 days 00:00:00.000000000
402,422,Kon-Tiki,2012-08-24,2013-02-24,2012.0,184 days 00:00:00.000000000
403,423,Dr. No,1962-10-04,2005-02-27,1962.0,15487 days 00:00:00.000000000
404,424,Rebelle,2012-02-17,2013-02-24,2012.0,373 days 00:00:00.000000000
405,425,Hitchcock,2012-11-22,2013-02-24,2012.0,94 days 00:00:00.000000000
406,426,The Hobbit: An Unexpected Journey,2012-11-26,2013-02-24,2012.0,90 days 00:00:00.000000000
407,427,Adam and Dog,2013-02-01,2014-03-02,2013.0,394 days 00:00:00.000000000
408,428,Fresh Guacamole,2012-03-02,2013-02-24,2012.0,359 days 00:00:00.000000000
409,429,Head Over Heels,2001-02-02,2005-02-27,2001.0,1486 days 00:00:00.000000000
410,430,Paperman,2012-11-02,2013-02-24,2012.0,114 days 00:00:00.000000000
411,431,Curfew,2012-01-01,2013-02-24,2012.0,420 days 00:00:00.000000000
412,432,Hardcore Henry,2015-09-12,2016-02-28,2015.0,169 days 00:00:00.000000000
413,433,The Avengers,2012-04-25,2013-02-24,2012.0,305 days 00:00:00.000000000
414,434,Prometheus,2012-05-30,2013-02-24,2012.0,270 days 00:00:00.000000000
415,435,Moonrise Kingdom,2012-05-24,2013-02-24,2012.0,276 days 00:00:00.000000000
416,438,The Croods,2013-03-20,2014-03-02,2013.0,347 days 00:00:00.000000000
417,439,Despicable Me 2,2013-06-25,2014-03-02,2013.0,250 days 00:00:00.000000000
418,440,Frozen,2013-11-27,2014-03-02,2013.0,95 days 00:00:00.000000000
419,441,Inside Llewyn Davis,2013-10-06,2014-03-02,2013.0,147 days 00:00:00.000000000
420,442,Prisoners,2013-09-18,2014-03-02,2013.0,165 days 00:00:00.000000000
421,443,The Great Gatsby,2013-05-10,2014-03-02,2013.0,296 days 00:00:00.000000000
422,444,The Invisible Woman,2013-12-25,2014-03-02,2013.0,67 days 00:00:00.000000000
423,445,Cutie and the Boxer,2013-08-16,2014-03-02,2013.0,198 days 00:00:00.000000000
424,446,Dirty Wars,2013-01-18,2014-03-02,2013.0,408 days 00:00:00.000000000
425,448,20 Feet from Stardom,2013-06-14,2014-03-02,2013.0,261 days 00:00:00.000000000
426,449,Cavedigger,2013-01-12,2014-03-02,2013.0,414 days 00:00:00.000000000
427,450,Karama Has No Walls,2012-03-01,2013-02-24,2012.0,360 days 00:00:00.000000000
428,451,The Broken Circle Breakdown,2012-10-09,2013-02-24,2012.0,138 days 00:00:00.000000000
429,452,The Great American Beauty Contest,1973-02-13,2005-02-27,1973.0,11702 days 00:00:00.000000000
430,454,The Lone Ranger,2013-07-03,2014-03-02,2013.0,242 days 00:00:00.000000000
431,455,The Book Thief,2013-11-08,2014-03-02,2013.0,114 days 00:00:00.000000000
432,456,Her,2013-12-18,2014-03-02,2013.0,74 days 00:00:00.000000000
433,457,Saving Mr. Banks,2013-11-16,2014-03-02,2013.0,106 days 00:00:00.000000000
434,459,Get a Horse!,2013-11-27,2014-03-02,2013.0,95 days 00:00:00.000000000
435,460,Mr Hublot,2013-10-14,2014-03-02,2013.0,139 days 00:00:00.000000000
436,461,Ava's Possessions,2015-03-16,2016-02-28,2015.0,349 days 00:00:00.000000000
437,462,Room on the Broom,2012-12-25,2013-02-24,2012.0,61 days 00:00:00.000000000
438,463,Helium,2013-10-01,2014-03-02,2013.0,152 days 00:00:00.000000000
439,464,The Voorman Problem,2013-04-25,2014-03-02,2013.0,311 days 00:00:00.000000000
440,465,All Is Lost,2013-10-18,2014-03-02,2013.0,135 days 00:00:00.000000000
441,466,The Hobbit: The Desolation of Smaug,2013-12-11,2014-03-02,2013.0,81 days 00:00:00.000000000
442,467,Lone Survivor,2013-12-24,2014-03-02,2013.0,68 days 00:00:00.000000000
443,468,Iron Man 3,2013-04-18,2014-03-02,2013.0,318 days 00:00:00.000000000
444,469,Before Midnight,2013-04-05,2014-03-02,2013.0,331 days 00:00:00.000000000
445,470,They All Laughed 25 Years Later: Director to Director - A Conversation with Peter Bogdanovich and Wes Anderson,2006-10-17,2007-02-25,2006.0,131 days 00:00:00.000000000
446,471,Big Hero 6,2014-10-24,2015-02-22,2014.0,121 days 00:00:00.000000000
447,472,The Boxtrolls,2014-09-10,2015-02-22,2014.0,165 days 00:00:00.000000000
448,473,How to Train Your Dragon 2,2014-06-12,2015-02-22,2014.0,255 days 00:00:00.000000000
449,474,Song of the Sea,2014-09-06,2015-02-22,2014.0,169 days 00:00:00.000000000
450,475,The Grand Budapest Hotel,2014-02-26,2015-02-22,2014.0,361 days 00:00:00.000000000
451,476,Ida,2013-10-25,2014-03-02,2013.0,128 days 00:00:00.000000000
452,477,Mr. Turner,2014-10-31,2015-02-22,2014.0,114 days 00:00:00.000000000
453,478,Unbroken,2014-12-25,2015-02-22,2014.0,59 days 00:00:00.000000000
454,479,Inherent Vice,2014-12-25,2015-02-22,2014.0,59 days 00:00:00.000000000
455,480,Maleficent,2014-05-28,2015-02-22,2014.0,270 days 00:00:00.000000000
456,481,Citizenfour,2014-10-24,2015-02-22,2014.0,121 days 00:00:00.000000000
457,482,Finding Vivian Maier,2014-03-28,2015-02-22,2014.0,331 days 00:00:00.000000000
458,483,Last Days in Vietnam,2014-09-05,2015-02-22,2014.0,170 days 00:00:00.000000000
459,484,Salt of the Earth,1954-03-14,2005-02-27,1954.0,18613 days 00:00:00.000000000
460,485,Virunga,2014-11-07,2015-02-22,2014.0,107 days 00:00:00.000000000
461,486,Crisis Hotline: Veterans Press 1,2013-11-11,2014-03-02,2013.0,111 days 00:00:00.000000000
462,487,Joanna,2013-06-28,2014-03-02,2013.0,247 days 00:00:00.000000000
463,488,White Earth,2013-03-17,2014-03-02,2013.0,350 days 00:00:00.000000000
464,489,Leviathan,1989-03-17,2005-02-27,1989.0,5826 days 00:00:00.000000000
465,490,Timbuktu,2014-12-10,2015-02-22,2014.0,74 days 00:00:00.000000000
466,491,Guardians of the Galaxy,2014-07-30,2015-02-22,2014.0,207 days 00:00:00.000000000
467,492,Interstellar,2014-11-05,2015-02-22,2014.0,109 days 00:00:00.000000000
468,493,Selma,2014-12-25,2015-02-22,2014.0,59 days 00:00:00.000000000
469,494,The Bigger Picture,2014-05-21,2015-02-22,2014.0,277 days 00:00:00.000000000
470,495,The Dam Keeper,2014-02-06,2015-02-22,2014.0,381 days 00:00:00.000000000
471,496,Feast,2014-11-07,2015-02-22,2014.0,107 days 00:00:00.000000000
472,497,A Single Life,2014-12-04,2015-02-22,2014.0,80 days 00:00:00.000000000
473,498,Boogaloo and Graham,2014-08-01,2015-02-22,2014.0,205 days 00:00:00.000000000
474,499,Parvaneh,2012-11-01,2013-02-24,2012.0,115 days 00:00:00.000000000
475,500,The Phone Call,2013-10-20,2014-03-02,2013.0,133 days 00:00:00.000000000
476,501,The Hobbit: The Battle of the Five Armies,2014-12-10,2015-02-22,2014.0,74 days 00:00:00.000000000
477,502,Captain America: The Winter Soldier,2014-03-20,2015-02-22,2014.0,339 days 00:00:00.000000000
478,503,Dawn of the Planet of the Apes,2014-06-26,2015-02-22,2014.0,241 days 00:00:00.000000000
479,504,X-Men: Days of Future Past,2014-05-15,2015-02-22,2014.0,283 days 00:00:00.000000000
480,505,Nightcrawler,2014-10-23,2015-02-22,2014.0,122 days 00:00:00.000000000
481,506,Sing Your Song,2012-01-13,2013-02-24,2012.0,408 days 00:00:00.000000000
482,507,Busy Bodies,1933-10-07,2005-02-27,1933.0,26076 days 00:00:00.000000000
483,508,Driven,2001-04-27,2005-02-27,2001.0,1402 days 00:00:00.000000000
484,509,Anomalisa,2015-12-30,2016-02-28,2015.0,60 days 00:00:00.000000000
485,510,Inside Out,2015-06-09,2016-02-28,2015.0,264 days 00:00:00.000000000
486,511,Shaun the Sheep Movie,2015-02-05,2016-02-28,2015.0,388 days 00:00:00.000000000
487,512,Mad Max: Fury Road,2015-05-13,2016-02-28,2015.0,291 days 00:00:00.000000000
488,513,Sicario,2015-09-17,2016-02-28,2015.0,164 days 00:00:00.000000000
489,514,Cinderella,2015-03-12,2016-02-28,2015.0,353 days 00:00:00.000000000
490,515,Amy,2015-07-03,2016-02-28,2015.0,240 days 00:00:00.000000000
491,516,Cartel Land,2015-07-03,2016-02-28,2015.0,240 days 00:00:00.000000000
492,517,The Look of Silence,2014-08-30,2015-02-22,2014.0,176 days 00:00:00.000000000
493,518,"What Happened, Miss Simone?",2015-01-22,2016-02-28,2015.0,402 days 00:00:00.000000000
494,519,Winter on Fire: Ukraine's Fight for Freedom,2015-10-09,2016-02-28,2015.0,142 days 00:00:00.000000000
495,520,Body Team 12,2015-04-19,2016-02-28,2015.0,315 days 00:00:00.000000000
496,521,"Chau, Beyond the Lines",2015-08-21,2016-02-28,2015.0,191 days 00:00:00.000000000
497,522,A Girl in the River: The Price of Forgiveness,2015-10-28,2016-02-28,2015.0,123 days 00:00:00.000000000
498,523,Last Day of Freedom,2015-04-11,2016-02-28,2015.0,323 days 00:00:00.000000000
499,524,Star Wars: The Force Awakens,2015-12-15,2016-02-28,2015.0,75 days 00:00:00.000000000
500,525,Mustang,2015-06-17,2016-02-28,2015.0,256 days 00:00:00.000000000
501,527,The Bath Song & More Kids Songs: Super Simple Songs,2015-04-22,2016-02-28,2015.0,312 days 00:00:00.000000000
502,528,Prologue,2015-06-01,2016-02-28,2015.0,272 days 00:00:00.000000000
503,529,Sanjay's Super Team,2015-11-25,2016-02-28,2015.0,95 days 00:00:00.000000000
504,530,World of Tomorrow,2015-03-05,2016-02-28,2015.0,360 days 00:00:00.000000000
505,531,Ave Maria,2015-05-18,2016-02-28,2015.0,286 days 00:00:00.000000000
506,532,Shok,2015-04-10,2016-02-28,2015.0,324 days 00:00:00.000000000
507,533,Stutterer,2015-07-08,2016-02-28,2015.0,235 days 00:00:00.000000000
508,534,Ex Machina,2015-01-21,2016-02-28,2015.0,403 days 00:00:00.000000000
509,535,Straight Outta Compton,2015-08-13,2016-02-28,2015.0,199 days 00:00:00.000000000
510,537,He Got Game,1998-05-01,2005-02-27,1998.0,2494 days 00:00:00.000000000
